{
  "prepare_queue": {
    "installed": [],
    "uninstalled": []
  },
  "config_munge": {
    "files": {
      "config.xml": {
        "parents": {
          "/*": []
        }
      },
      "*-Info.plist": {
        "parents": {
          "UISupportedExternalAccessoryProtocols": [],
          "NSBluetoothPeripheralUsageDescription": [],
          "NSLocationAlwaysAndWhenInUseUsageDescription": [],
          "NSLocationAlwaysUsageDescription": [],
          "NSLocationWhenInUseUsageDescription": []
        }
      }
    }
  },
  "installed_plugins": {
    "cordova-plugin-whitelist": {
      "PACKAGE_NAME": "com.ipc.CordovaSample"
    }
  },
  "dependent_plugins": {},
  "modules": [],
  "plugin_metadata": {
    "cordova-plugin-whitelist": "1.3.3"
  }
}